id,sentence,info_snippets,info_target,info_sentiment_score,info_aspects
1,Royal Mail chairman Donald Brydon set to step down,['set to step down'],Royal Mail,-0.374,['Corporate/Appointment']
2,Stakes High for AstraZeneca Heart Drug Facing Tough Competition,['Facing Tough Competition'],AstraZeneca,-0.24,['Corporate/Risks']
3,UPDATE 1-Dairy Crest loses a third of Morrisons milk contract,['Crest loses a third of Morrisons milk contract'],Morrisons,-0.161,['Corporate/Sales/Failed Contract Discussion']
4,Insight hires Aviva's David Hillier for multi-asset team,['hires Aviva's David Hillier for multi-asset team'],Insight,0.137,['Corporate/Appointment/Executive Appointment']
5,Primark racks up a happy Christmas after strong sales,['after strong sales'],Primark,0.704,['Corporate/Sales']
6,UPDATE 1-Pearson expects to grow this year after solid end to 2014,['to grow this year after solid end to 2014'],Pearson,0.446,['Stock/Fundamentals']
7,Tesco sells Blinkbox and broadband service to TalkTalk,['sells Blinkbox and broadband service to'],TalkTalk,0.136,['Corporate/Sales/Deal']
8,Tesco sells Blinkbox and broadband service to TalkTalk,['sells Blinkbox and broadband service to'],Tesco,0.192,['Corporate/Sales/Deal']
9,Unilever profit rises despite sales slump in China,['despite sales slump'],Unilever,0.213,['Corporate/Sales']
10,Tesco leads leap in FTSE 100; Marks & Spencer drops,['Tesco leads leap in FTSE 100; '],Tesco,0.389,['Stock/Technical Analysis/Trend/Trending up']
11,Royal Dutch Shell profit rises; dividend up 4%,['dividend up 4%'],Royal Dutch Shell,0.65,['Corporate/Dividend Policy']
12,Morning Agenda: Shire's Deal for NPS,['Shire's Deal for NPS'],Shire,0.195,['Corporate/Sales/Deal']
13,Carnival Corporation and China Merchants Group Sign Memo of Understanding ...,['Group Sign Memo of Understanding ..'],China Merchants Group,0.119,['Corporate/Strategy/Company Agreement']
14,Teva: FDA Approves Generic Version of AstraZeneca Heartburn Drug,['FDA Approves'],AstraZeneca,0.242,['Corporate/Regulatory']
15,Teva: FDA Approves Generic Version of AstraZeneca Heartburn Drug,['FDA Approves Generic Versio'],Teva,0.476,['Corporate/Regulatory']
16,Passengers rise at EasyJet and Aer Lingus,['rise at EasyJet and Aer Lingus'],EasyJet,0.329,['Corporate/Sales/Sales']
17,Tesco Abandons Video-Streaming Ambitions in Blinkbox Sale,['Video-Streaming Ambitions'],Blinkbox,-0.195,['Corporate/Strategy']
18,Tesco Abandons Video-Streaming Ambitions in Blinkbox Sale,['Tesco Abandons Video-Streaming Ambitions '],Tesco,-0.335,['Corporate/Strategy']
19,"FDA approves NPS drug, in move validating Shire takeover deal",['validating Shire takeover deal'],Shire,0.332,['Corporate/M&A/Proposed Merger']
20,Ocwen Reaches Settlement With California Regulator,['Settlement With California Regulator'],Ocwen,0.171,['Corporate/Legal/Settlement']
21,Morrisons faces festive sales test,['festive sales test'],Morrisons,-0.113,['Corporate/Sales']
22,Tesco share price dips as Blinkbox Books closes ending supermarket's digital ...,['share price dips'],Blinkbox,-0.357,['Stock/Price Action']
23,Tesco share price dips as Blinkbox Books closes ending supermarket's digital ...,['Tesco share price dips'],Tesco,-0.389,['Stock/Price Action/Volatility']
24,Shire to buy NPS for $5.2 billion to boost rare disease drugs,['Shire to buy NPS for $5.2 billion to boost rare disease drugs'],Shire,0.235,['Corporate/M&A/M&A']
25,AstraZeneca's MedImmune Inks Licensing Deal With Omnis Pharmaceuticals,['Licensing Deal With Omnis Pharmaceuticals'],Omnis Pharmaceuticals,0.295,['Corporate/Sales/Deal']
26,FDA approves Shire's Vyvanse for binge-eating disorder,['FDA approves Shire's Vyvanse'],Shire,0.291,['Corporate/Regulatory']
27,Companies Thetrainline.com announces arrival of London IPO,['announces arrival of London IPO'],Thetrainline.com,0.245,['Stock/IPO']
28,Breakingviews: IAG can pay more for Aer Lingus,['IAG can pay more for Aer Lingus'],IAG,0.12,['Corporate/M&A/M&A']
29,Tesco share price jumps as Q3 sales top estimates,['share price jumps'],Tesco,0.719,['Stock/Price Action']
30,CRH's concrete bid for Holcim Lafarge assets,['concrete bid for Holcim Lafarge assets'],Holcim Lafarge,0.282,['Stock/Signal/Buy Signal']
31,Persimmon share price climbs on 23% rise in full-year revenue,['share price climbs on 23% rise'],Persimmon,0.975,['Stock/Price Action']
32,Ruling sets lower limit on potential fine for BP,['lower limit on potential fine for BP'],BP,-0.261,['Corporate/Legal']
33,Reed Elsevier share price slides on underwhelming full-year results,['share price slides'],Reed Elsevier,-0.526,['Stock/Price Action']
34,UPDATE 1-Meggitt reiterates annual outlook after tough 2014,['reiterates annual outlook after tough 2014'],Meggitt,0.021,['Stock/Fundamentals']
35,Slump in Weir leads FTSE down from record high,['down from record high'],Weir,-0.827,['Market/Volatility/Volatility']
36,Bunzl Lifts Dividend Again As Acquisitions Continue To Boost Profits,['Lifts Dividend Again As Acquisitions Continue To Boost Profit'],Bunzl,0.401,['Corporate/Dividend Policy/Dividend/Dividend going up']
37,REFILE-UPDATE 4-Britain's Lloyds to pay first dividend since rescue,['to pay first dividend since rescue'],Lloyds,0.522,['Corporate/Dividend Policy/Dividend']
38,GlaxoSmithKline set to complete $20 billion Novartis asset swap next week,['set to complete $20 billion Novartis asset swap next week'],Novartis,0.189,['Corporate/M&A']
39,Meggitt share price tumbles as profit falls in 'challenging year',['tumbles as profit falls in 'challenging year''],Meggitt,-0.854,['Stock/Price Action']
40,Analyst Views: Astrazeneca shares have seen recent volatility; what will 2015 ...,['shares have seen recent volatility'],Astrazeneca,-0.12,['Market/Volatility']
41,ARM Royalties Accelerate as Smartphone Market Regains Strength,['Smartphone Market Regains Strength'],ARM,0.571,['Market/Market']
42,ConAgra Names Former Hillshire Farms CEO Connolly to Top Post,['Farms CEO Connolly to Top Pos'],ConAgra,0.101,['Corporate/Appointment']
43,BG Group appoints new CEO one month early,['appoints new CEO'],BG Group,0.069,['Corporate/Appointment']
44,"Glencore Cuts 2015 Budget, Plans To Divest From Lonmin","['Cuts 2015 Budget, Plans To Divest From Lonmin']",Lonmin,-0.314,['Corporate/Strategy/Divestment']
45,U.S. Debt Lures Schroders as ECB Depresses Rates,['as ECB Depresses Rates'],Schroders,0.048,['Economy/Central Banks']
46,Tullow Oil Suspends Dividend Amid Oil Price Fall,['Suspends Dividend'],Tullow Oil,-0.498,['Corporate/Dividend Policy']
47,"Oil majors like Royal Dutch Shell, Chevron, BP fail to find reserves to counter ...",['fail to find reserves'],Royal Dutch Shell,-0.402,['Corporate/Risks']
48,Standard Chartered lags on capital worries,['lags on capital worries'],Standard Chartered,-0.358,['Corporate/Risks']
49,Standard Life share price: Insurer buys advice firm Pearson Jones,['Insurer buys advice firm Pearson Jones'],Standard Life,0.364,['Corporate/Strategy/Corporate Planning']
50,Tesco closes in on new chairman with Dixons Carphone's John Allan in the frame,['closes in on new chairman'],Dixons Carphone,0.129,['Corporate/Appointment']
51,Tesco closes in on new chairman with Dixons Carphone's John Allan in the frame,['new chairman with Dixons Carphone's'],Tesco,0.295,['Corporate/Appointment/Staff Hiring']
52,MillerCoors Delivers 2.9% Underlying Net Income Growth for 2014,['Delivers 2.9% Underlying Net Income Growth'],MillerCoors,0.495,['Stock/Fundamentals']
53,RBS will reportedly appoint Howard Davies as its next chairman,['reportedly appoint Howard Davies as its next chairman'],RBS,0.089,['Corporate/Appointment']
54,HSBC Hit by Fresh Details of Tax Evasion Claims,['Tax Evasion Claims'],HSBC,-0.594,['Corporate/Legal']
55,Relief for Lewis as Tesco sees sales grow for first time in a year,['sees sales grow'],Tesco,0.42,['Corporate/Sales']
56,Morrisons finance chief to fill gap as CEO leaves early,['fill gap as CEO leaves'],Morrisons,-0.114,['Corporate/Appointment']
57,"UPDATE: Persimmon Profit Up Strongly, Outlook Positive","['Profit Up Strongly, Outlook Positive']",Persimmon,0.937,['Stock/Fundamentals']
58,TRLPC - CRH backs Lafarge Holcim asset buy with 6.5 bln euro bridge loan,['CRH backs Lafarge Holcim asset buy'],Lafarge Holcim,0.365,['Corporate/Strategy/Share Buyback']
59,Tesco shareholders back ITV head for chairman,[' shareholders back ITV head for chairman'],Tesco,0.139,['Corporate/Appointment/Executive Appointment']
60,"Buffett's Berkshire builds Deere stake, dumps Exxon",['builds Deere stake '],Deere,0.316,['Stock/Signal/Buy Signal']
61,"Buffett's Berkshire builds Deere stake, dumps Exxon","['builds Deere stake, ']",Exxon,-0.548,['Stock/Signal/Buy Signal']
62,Aviva Fined $27 Million by U.K. Regulator Over Fee Failings,['Fined $27 Million by U.K. Regulator Over Fee Failings'],Aviva,-0.675,['Corporate/Regulatory']
63,AstraZeneca's patent on asthma drug invalidated by US court,['invalidated by US court'],AstraZeneca,-0.656,['Corporate/Legal']
64,Rolls-Royce to Ensure Compliance After Petrobras Bribery Report,['to Ensure Compliance After Petrobras Bribery Report'],Rolls-Royce,-0.075,['Corporate/Legal/Court Ruling']
65,Whitbread share price climbs on Q4 sales growth,['share price climbs'],Whitbread,0.513,['Stock/Price Action']
66,Warren Buffett defends Berkshire Hathaway's conglomerate structure,['defends Berkshire Hathaway's conglomerate structure'],Berkshire Hathaway,0.144,['Corporate/Company Communication']
67,G4S sees profits rise but UK contract problems remain,['contract problems remain'],G4S,0.252,['Corporate/Risks']
68,Friends Life lifts profits 38% and hikes divi ahead of proposed Aviva takeover,['lifts profits 38%'],Friends Life,0.387,['Corporate/Financial/Financial Results/Earnings']
69,Auto Trader share price surges as company floats on LSE,['share price surges'],Auto Trader,0.655,['Stock/Price Action']
70,New Credit Suisse boss faces stiff challenge in Asia,['boss faces stiff challenge'],Credit Suisse,-0.181,['Corporate/Risks']
71,"UPDATE: EasyJet Passenger Numbers, Aer Lingus Traffic Up In February",['Traffic Up'],Aer Lingus,0.284,['Corporate/Sales']
72,"UPDATE: EasyJet Passenger Numbers, Aer Lingus Traffic Up In February","['Passenger Numbers, Aer Lingus Traffic Up']",EasyJet,0.315,['Corporate/Sales']
73,Is It Worth Investing In Tesco PLC And Prudential plc Now?,['Investing In Tesco PLC And Prudential plc Now?'],Tesco PLC,0.161,['Corporate/Strategy/Investment']
74,UK WINNERS & LOSERS: Aviva And Friends Life Lead FTSE 100 Gainers,['FTSE 100 Gainers'],Friends Life,0.516,['Market/Market/Market Trend']
75,Sainsbury's says to outperform rivals in tough market,['in tough market'],Sainsbury,0.536,['Market/Market']
76,CompaniesKingfisher bid for Mr Bricolage runs into trouble,['bid for Mr Bricolage runs into trouble'],Mr Bricolage,-0.253,['Corporate/M&A/Proposed Merger']
77,UPDATE 3-Auto Trader shares leap in UK's biggest private equity-backed listing,['shares leap in UK's biggest private equity-backed listing'],Auto Trader,0.641,['Stock/IPO']
78,"London open: Taylor Wimpey and Ashtead drive markets higher, Barclays falls",['drive markets higher'],Ashtead,0.514,['Market/Market']
79,"London open: Taylor Wimpey and Ashtead drive markets higher, Barclays falls",['Taylor Wimpey and Ashtead drive markets higher'],Barclays,-0.657,['Market/Market/Market Trend']
80,"London open: Taylor Wimpey and Ashtead drive markets higher, Barclays falls",['Taylor Wimpey and Ashtead drive markets higher'],Tailor Wimpey,0.508,['Market/Market/Market Trend']
81,GSK and Novartis complete deals to reshape both drugmakers,['complete deals to reshape both drugmakers'],Novartis,0.264,['Corporate/Strategy/Reorganization']
82,"Aviva, Friends Life top forecasts ahead of 5.6 billion pound merger",['Life top forecasts ahead of 5.6 billion pound merger'],Friends Life,0.39,['Corporate/M&A/M&A']
83,Citigroup to Sell OneMain to Springleaf for $4.25 Billion,['to Sell OneMain to Springleaf for $4.25 Billion'],OneMain,0.283,['Corporate/M&A/M&A']
84,Citigroup to Sell OneMain to Springleaf for $4.26 Billion,['to Sell OneMain to Springleaf for $4.25 Billion'],Springleaf,0.225,['Corporate/M&A/M&A']
85,"U.K. Stocks Resume Gains to Rally to Record; CRH, Tullow Climb",['U.K. Stocks Resume Gains to Rally to Record;'],Tullow,0.544,['Stock/Price Action/Bullish/Bullish Behaviour']
86,British American Tobacco drops and sues PwC over pollution scandal,['British American Tobacco drops'],PwC,-0.437,['Stock/Price Action/Bearish/Bearish Behaviour']
87,UK's FTSE has worst day so far in 2015 as BG and Prudential fall,['UK's FTSE has worst day so far in 201'],Prudential,-0.651,['Market/Market/Market Trend']
88,"Kraft, Cadbury's and Britvic in Total Recall: how pulling a product affects profit",['in Total Recall: how pulling a product affects profit'],Cadbury's,-0.158,['Corporate/Rumors/Scoop']
89,"Kraft, Cadbury's and Britvic in Total Recall: how pulling a product affects profit",['in Total Recall: how pulling a product affects profit'],Kraft,-0.179,['Corporate/Rumors/Scoop']
90,How Kraft-Heinz Merger Came Together in Speedy 10 Weeks,['Merger Came Together in Speedy 10 Weeks'],Kraft,0.214,['Corporate/M&A/M&A']
91,AstraZeneca Teams With Daiichi Sankyo To Sell Movantik In US,['Teams With Daiichi Sankyo To Sell Movantik In US'],Daiichi Sankyo,0.364,['Corporate/Sales/Partnership']
92,AstraZeneca Teams With Daiichi Sankyo To Sell Movantik In US,['Teams With Daiichi Sankyo To Sell Movantik In US'],Movantik,0.369,['Corporate/Sales/Partnership']
93,RBI surprises Street; Sensex pares gains after hitting mount 30k,['Sensex pares gains'],Sensex,-0.216,['Stock/Price Action']
94,Credit Suisse poaches Prudential's Thiam for Asian push,['poaches Prudential's Thiam for Asian push'],Credit Suisse,0.125,['Corporate/Strategy']
95,Credit Suisse poaches Prudential's Thiam for Asian push,['poaches Prudential's Thiam for Asian push'],Prudential,-0.031,['Corporate/Strategy']
96,Kingfisher takeover of Mr Bricolage could hit a brick wall,['Kingfisher takeover of Mr Bricolage could hit a brick wall'],Mr Bricolage,-0.311,['Corporate/M&A/Proposed Merger']
97,"U.K. Stocks Little Changed Near Record as Barclays, Shell Fall","['Barclays, Shell Fall']",Shell,-0.508,['Stock/Price Action/Bearish/Bearish Behaviour']
98,Insurers: Admiral blows hot and cold but Aviva soars pre-Friends Life merger,['Admiral blows hot and cold'],Friends Life,0.053,['Stock/Price Action/Volatility/Stock Volatility']
99,AstraZeneca And Daiichi Sankyo To Jointly Commercialise MOVANTIK In The US,['AstraZeneca And Daiichi Sankyo To Jointly Commercialise MOVANTIK'],Daiichi Sankyo,0.361,['Corporate/Sales/Partnership']
100,AstraZeneca And Daiichi Sankyo To Jointly Commercialise MOVANTIK In The US,['AstraZeneca And Daiichi Sankyo To Jointly Commercialise MOVANTIK'],MOVANTIK,0.454,['Corporate/Sales/Partnership']
101,Legal & General arm buys 50 pct stake in MediaCityUK in Manchester,['Legal & General arm buys 50 pct stake in MediaCityUK'],MediaCityUK,0.379,['Stock/Signal/Buy Signal']
102,Randgold profit hit by poor gold price but dividend still increases,['dividend still increases'],Rangold,-0.052,['Corporate/Dividend Policy']
103,"CompaniesTravis Perkins lifts dividend, earnings rise 15%","['lifts dividend,']",Travis Perkins,0.494,['Corporate/Dividend Policy']
104,Market Report: Aviva tops the market as traders approve of its choice of Friends,['Aviva tops the market'],Friends,0.443,['Market/Market/Market Trend']
105,Insurer Old Mutual picks Standard Bank's Hemphill as new CEO,['picks Standard Bank's Hemphill as new CEO'],Standard Bank,0.025,['Corporate/Appointment/Executive Appointment']
106,"FDA panel backs safety updates for AstraZeneca, Takeda drugs",['backs safety updates for AstraZenec'],AstraZeneca,0.143,['Corporate/Regulatory']
107,"FDA panel backs safety updates for AstraZeneca, Takeda drugs","['FDA panel backs safety updates for AstraZeneca,']",Takeda,-0.198,['Corporate/Regulatory']
108,CompaniesDiageo stays neutral on India boardroom turmoil,['India boardroom turmoil'],Diageo,0,['Corporate/Risks']
109,Germanwings disaster will not affect image of budget air travel - easyJet,['will not affect image of'],Germanwings,-0.046,['Corporate/Reputation']
110,Germanwings disaster will not affect image of budget air travel - easyJet,['will not affect image of budget air trave'],easyJet,0.096,['Corporate/Reputation']
111,Shell's $70 Billion BG Deal Meets Shareholder Skepticism,['Deal Meets Shareholder Skepticism'],Shell,-0.345,['Corporate/Rumors/Rumors']
112,Shell offers 50 percent premium to buy BG for $70 billion,['offers 50 percent premium to buy'],Shell,0.193,['Corporate/M&A/M&A']
113,WPP boosts sales despite cautious clients,['boosts sales'],WPP,0.251,['Corporate/Sales']
114,Shell to buy BG Group in $69.7 billion takeover,['buy BG Group in $69.7 billion takeover'],Shell,0.25,['Corporate/M&A/M&A']
115,LONDON MORNING BRIEFING: HSBC And Standard Chartered Shares Rise,['Shares Rise'],Standard Chartered,0.556,['Stock/Price Action/Bullish/Bullish Behaviour']
116,UPDATE 1-BP shareholders back more disclosure on climate change risks,['shareholders back more disclosure on climate change risks'],BP,0.037,['Corporate/Risks']
117,Shell challenges Exxon dominance with 47 billion-pound bid for BG,['challenges Exxon dominance with 47 billion-pound bid for BG'],Exxon,-0.196,['Corporate/Strategy/Corporate Expansion']
118,Shell challenges Exxon dominance with 48 billion-pound bid for BG,['challenges Exxon dominance with 47 billion-pound bid for BG'],Shell,0.078,['Corporate/Strategy/Corporate Expansion']
119,Royal Dutch Shell to Buy BG Group for Nearly $70 Billion,['Royal Dutch Shell to Buy BG Group for Nearly $70 Billion'],Royal Dutch Shell,0.259,['Corporate/M&A/M&A']
120,City spirits sink after Diageo comes up short with sales slide,['omes up short with sales slide'],Diageo,-0.521,['Corporate/Sales']
121,Diageo receives reports from United Spirits on financial irregularities involving ...,['United Spirits on financial irregularitie'],Diageo,-0.255,['Corporate/Reputation']
122,Diageo receives reports from United Spirits on financial irregularities involving ...,['on financial irregularities involving ..'],United Spirits,-0.272,['Corporate/Reputation/Scoop']
123,Rolls-Royce Wins $9.2 Billion Order From Emirates Airline,['Wins $9.2 Billion Order From Emirates Airline'],Rolls-Royce,0.777,['Corporate/Sales/Deal']
124,Tesco sales rise shows tentative recovery continues,['sales rise'],Tesco,0.256,['Corporate/Sales']
125,Diageo sales disappoint as currency and comparatives leave bitter taste,['sales disappoint'],Diageo,-0.545,['Corporate/Sales']
126,AstraZeneca profit down as sales of stalwarts fade,['as sales of stalwarts fade'],AstraZeneca,-0.405,['Corporate/Sales']
127,"Whitbread Profit Up As Sales Continue To Rise, Looking For New CEO",['Profit Up As Sales Continue To Ris'],Whitbread,0.385,['Corporate/Sales']
128,Glencore blames rivals for creating metals glut,['blames rivals'],Glencore,-0.331,['Corporate/Risks']
129,Doubts grow over GlaxoSmithKline's $6 bln capital return plan,['$6 bln capital return plan'],GlaxoSmithKline,-0.221,['Corporate/Dividend Policy']
130,easyJet leads Britain's FTSE lower as global bond rout resumes,['leads Britain's FTSE lower'],easyJet,-0.495,['Market/Volatility']
131,Imperial Tobacco Adds Quarterly Dividends After Profit Rose,['Quarterly Dividends'],Imperial Tobacco,0.336,['Corporate/Dividend Policy']
132,BG Group Still Happy With Shell's $70 Billion Offer,['BG Group Still Happy With Shell's $70 Billion Offer'],Shell,0.235,['Corporate/M&A/Proposed Merger']
133,SABMiller buys Meantime to quench thirst for craft beer,['buys Meantime'],SABMiller,0.296,['Corporate/M&A/Proposed Merger']
134,Aviva shuts Friends Life head office in rapid integration move,['shuts Friends Life head office in rapid integration move'],Friends Life,-0.09,['Corporate/Strategy/Corporate Expansion']
135,Retailers Kingfisher and Sports Direct rise in Britain's share index,['rise in Britain's share index'],Sports Direct,0.459,['Stock/Technical Analysis/Trend/Trending up']
136,"GlaxoSmithKline targets growth across units, scraps ViiV IPO",['scraps ViiV IPO'],GlaxoSmithKline,0.229,['Stock/IPO']
137,Tesco share price closes higher as two more directors leave grocer,['share price closes higher'],Tesco,0.354,['Stock/Price Action']
138,Tesco leads FTSE higher on Clubcard bid reports,['Clubcard bid reports'],Tesco,0.453,['Corporate/Rumors']
139,Eli Lilly & Co. (LLY) Has Broken Out To A New High On AstraZeneca Collaboration,['Has Broken Out To A New High'],Eli Lilly & Co,0.516,['Stock/Technical Analysis/Volume/Unusually high volume']
140,"RPT-Old Mutual Q1 gross sales beat forecasts, up 18 pct",['gross sales beat'],Old Mutual,0.724,['Corporate/Sales']
141,"UPDATE 3-BP settles oil spill-related claims with Halliburton, Transocean",['settles oil spill-related claims'],BP,-0.121,['Corporate/Legal/Settlement']
142,"UPDATE 4-BP settles oil spill-related claims with Halliburton, Transocean",['settles oil spill-related claims with'],Halliburton,-0.042,['Corporate/Legal/Settlement']
143,GlaxoSmithKline share price slips as FDA okays asthma therapy only for adults,['share price'],GlaxoSmithKline,-0.408,['Stock/Price Action']
144,Glencore chief blames rivals' overproduction for share price fall,['share price fall'],Glencore,-0.301,['Stock/Price Action']
145,"Philip Morris, BAT Sue Over Law Taking Branding Off Packs",['Sue Over Law Taking Branding Off Packs'],BAT,-0.152,['Corporate/Legal/Lawsuit']
146,"Philip Morris, BAT Sue Over Law Taking Branding Off Packs",['BAT Sue Over Law Taking Branding Off Packs'],Philip Morris,-0.152,['Corporate/Legal/Lawsuit']
147,Hargreaves Lansdown share price falls as costs mount - although pensions ...,['share price falls'],Hargreaves Lansdown,-0.514,['Stock/Price Action']
148,"PRESS: Serco Set To Appoint Roy Gardner, Ex-Centrica, As Chairman - FT","['Set To Appoint Roy Gardner, Ex-Centrica, As Chairman - FT']",Centrica,0.195,['Corporate/Appointment']
149,"PRESS: Serco Set To Appoint Roy Gardner, Ex-Centrica, As Chairman - FT","['Set To Appoint Roy Gardner, Ex-Centrica, As Chairman']",Serco,0.122,['Corporate/Appointment/Executive Appointment']
150,UPDATE 1-Cypress Semiconductor offers to buy Integrated Silicon Solution,['Semiconductor offers to buy Integrated Silicon Solution'],Integrated Silicon Solution,0.461,['Stock/Signal/Buy Signal']
151,"UPDATE 1-Nomura, RBS must pay $806 mln in mortgage bond case-US judge",['RBS must pay $806 mln in mortgage bond case-'],RBS,-0.69,['Corporate/Legal/Settlement']
152,MillerCoors Board Names Gavin Hattersley Interim CEO,['Board Names Gavin Hattersley Interim CEO'],MillerCoors,0,['Corporate/Appointment']
153,"Britain's FTSE gains, Land Securities up after dividend hike",['after dividend hike'],Land Securities,0.549,['Corporate/Dividend Policy']
154,"Britain's FTSE bounces back, Mondi and Barratt lead",['Mondi and Barratt lead'],Barratt,0.558,['Stock/Price Action']
155,"Britain's FTSE bounces back, Mondi and Barratt lead",['Britain's FTSE bounces back'],Mondi,0.552,['Stock/Price Action']
156,Old Mutual First-Quarter Sales Up 18% Buoyed by Emerging Markets,['Sales Up 18%'],Old Mutual,0.689,['Corporate/Sales']
157,Do it for me' trend underpins UK sales growth at Kingfisher,['UK sales growth'],Kingfisher,0.304,['Corporate/Sales']
158,"Aldi and Lidl expansion plans speed ahead as Tesco, Sainsbury's, Morrisons ...",['Aldi and Lidl expansion'],Lidl,0.372,['Corporate/Strategy/Corporate Expansion']
159,"Centrica extends gas deals with Gazprom, Statoil",['extends gas deals'],Gazprom,0.199,['Corporate/Sales/Deal']
160,"Centrica extends gas deals with Gazprom, Statoil",['extends gas deals'],Statoil,0.239,['Corporate/Sales/Deal']
161,"Aberdeen AM posts H1 outflows, says conditions to remain challenging",['says conditions to remain challenging'],Aberdeen AM,-0.364,['Market/Conditions']
162,Severn Trent share price jumps as Canadian investor renews pursuit of utility,['share price jumps'],Severn Trent,0.433,['Stock/Price Action']
163,New Morrisons duo get former boss's support to diffuse investor tension,['diffuse investor tension'],Morrisons,0.143,['Corporate/Risks']
164,S&P downgrades Barclays and RBS on government bailout fears,['downgrades Barclays and RBS'],RBS,-0.53,['Stock/Coverage/AnalystRatings/downgrade']
165,Irish housebuilder Cairn Homes plans London listing,['London listing'],Cairn Homes,0.189,['Stock/IPO']
166,Arm slammed by handset sales outlook,['sales outlook'],Arm,-0.41,['Corporate/Sales']
167,CompaniesLSE adds ex-SEC head Schapiro to board,['adds ex-SEC head Schapiro to board'],LSE,0.076,['Corporate/Appointment']
168,Sales boost for new Morrisons chief David Potts as Tesco turnaround stalls,['Sales boost'],Tesco,-0.41,['Corporate/Sales/Sales']
169,FTSE 100 flat; Standard Chartered leads risers,['flat; Standard Chartered leads risers'],Standard Chartered,0.589,['Stock/Price Action']
170,CompaniesHoward Davies appointment as RBS director delayed,['appointment as RBS director delayed'],RBS,-0.025,['Corporate/Appointment']
171,Keith Skeoch to step up as David Nish quits as chief executive of Standard Life,['David Nish quits as chief executive'],Standard Life,-0.09,['Corporate/Appointment']
172,Dixons Carphone profit boost on strong sales,['profit boost on strong sales'],Dixons Carphone,0.478,['Corporate/Sales']
173,"FTSE rallies off three-month low, boosted by StanChart, Sainsbury",['rallies off three-month low'],Sainsbury,0.334,['Stock/Price Action']
174,"FTSE rallies off three-month low, boosted by StanChart, Sainsbury",['rallies off three-month low'],StanChart,0.465,['Market/Market/Market Outlook']
175,"Royal Mail, Johnson Matthey lead FTSE lower",['lead FTSE lower'],Royal Mail,-0.438,['Market/Market/Market Trend']
176,Sainsbury sales slip again as price pressures take a toll,['pressures take a toll'],Sainsbury,-0.303,['Stock/Price Action']
177,Sophos aims to raise $100m in London IPO,['raise $100m in London IPO'],Sophos,0.214,['Stock/IPO']
178,UPDATE 3-Stifel to buy former Lehman brokerage from Barclays,['Stifel to buy former Lehman brokerage'],Lehman,0.164,['Corporate/M&A/Proposed Merger']
179,Borealis Infrastructure putting together new Severn Trent bid,['putting together new Severn Trent bid'],Severn Trent,0.214,['Corporate/M&A/Proposed Merger']
180,"FTSE falls to 3-month low on Greek debt concerns, easyJet skids",['Greek debt concerns'],easyjet,-0.414,['Corporate/Risks']
181,Johnson Matthey share price slumps as company posts full-year results,['share price slumps'],Johnson Matthey,-0.626,['Stock/Price Action']
182,UPDATE: Barclays Expects Gain After Settling With Lehman Bros Trustee,['After Settling With Lehman Bros Trustee'],Barclays,0.199,['Corporate/Legal']
183,UPDATE: Barclays Expects Gain After Settling With Lehman Bros Trustee,['Expects Gain'],Lehman,0.239,['Corporate/Legal/Settlement']
184,Petrofac books further Â£30m cost for Shetland gas terminal delays,['books further Â£30m cost for Shetland gas terminal delays'],Petrofac,-0.343,['Corporate/Risks']
185,Petrofac share price rises despite Â£30m costs on North Sea project,['share price rise'],Petrofac,0.09,['Stock/Price Action']
186,Whitbread boss Andy Harrison defends sales fall as 'just a blip',['defends sales fall as 'just a blip''],Whitbread,-0.1,['Corporate/Sales']
187,Barclays share price subdued as bank faces fresh forex probe,['share price subdued'],Barclays,-0.373,['Stock/Price Action']
188,CompaniesActelion shares hit record on Shire takeover talk,['Shire takeover talk'],Actelion,0.721,['Corporate/Rumors']
189,CompaniesActelion shares hit record on Shire takeover talk,['Shire takeover talk'],Shire,0.345,['Corporate/Rumors/Rumors']
190,LSE gets Hong Kong regulatory nod to HK firms to become LSE members,['LSE gets Hong Kong regulatory nod'],LSE,0.247,['Corporate/Regulatory']
191,Diageo Shares Surge on Report of Possible Takeover by Lemann,['Diageo Shares Surge'],Lemann,0.415,['Stock/Technical Analysis/Trend/Trending up']
192,RBS chairman admits surprise at size of regulatory penalties,['s surprise at size of regulatory penalties'],RBS,-0.333,['Corporate/Regulatory']
193,RSA Insurance Hires Towergate's Egan as Chief Financial Officer,['Insurance Hires Towergate's Egan as Chief Financial Officer'],Towergate,0.002,['Corporate/Appointment/Executive Appointment']
194,Johnson Matthey raises prospect of investor payout,['raises prospect of investor payout'],Johnson Matthey,0.281,['Corporate/Dividend Policy']
195,InterContinental Hotels Denies Reports of Starwood Merger Talks,['Denies Reports of Starwood Merger Talks'],Starwood,-0.078,['Corporate/Rumors/Scoop']
196,REFILE-Hikma and Barclays help Britain's FTSE to climb higher,['help Britain's FTSE to climb higher'],Hikma,0.452,['Market/Market/Market Trend']
197,FDA Approves AstraZeneca's Iressa As Lung Cancer Treatment,['FDA Approves AstraZeneca's Iressa'],AstraZeneca,0.42,['Corporate/Regulatory']
198,AstraZeneca suffers setback after drug fails to treat eye cancer,['suffers setback'],AstraZeneca,-0.392,['Corporate/Risks']
199,British American Tobacco first-half sales hurt by currency moves,['hurt by currency moves'],British American Tobacco,-0.346,['Market/Currency']
200,Zurich Insurance Considering Offer for UK Rival RSA Insurance,['Insurance Considering Offer for UK Rival RSA Insurance'],Zurich Insurance,0.25,['Corporate/Rumors/Rumors']
201,Japan's Nikkei lands Financial Times in $1.3 billion deal,['lands Financial Times in $1.3 billion deal'],Nikkei,0.262,['Corporate/Sales/Deal']
202,"Ingenious, HSBC, UBS and Coutts sued by 'tax avoidance' clients",['sued by 'tax avoidance' clients'],Coutts,-0.248,['Corporate/Legal/Lawsuit']
203,"Ingenious, HSBC, UBS and Coutts sued by 'tax avoidance' clients",['sued by 'tax avoidance' clients'],HSBC,-0.251,['Corporate/Legal/Lawsuit']
204,"Ingenious, HSBC, UBS and Coutts sued by 'tax avoidance' clients",['sued by 'tax avoidance' clients'],UBS,-0.281,['Corporate/Legal/Lawsuit']
205,UPDATE 1-AstraZeneca sells rare cancer drug to Sanofi for up to $300 mln,['sells rare cancer drug to Sanofi'],Sanofi,0.258,['Corporate/Sales/Deal']
206,Sainsbury sells unit to LloydsPharmacy,['sells unit to LloydsPharmacy'],Sainsbury,0.234,['Corporate/Sales/Deal']
207,BAE Systems's sales boosted by European Typhoon and currencies,['sales boosted by'],BAE Systems,0.39,['Corporate/Sales']
208,"Royal Mail 'breached competition law' over delivery service changes, Ofcom claims",['breached competition law'],Royal Mail,-0.315,['Corporate/Legal']
209,"Britain's FTSE steadies, supported by Dixons Carphone","['FTSE steadies, supported by Dixons Carphone']",Dixons Carphone,0.329,['Stock/Price Action']
210,Glaxo's ViiV Healthcare Signs China Manufacturing Deal With Desano,['Signs China Manufacturing Deal With Desano'],Glaxo,0.284,['Corporate/Sales/Partnership']
211,AstraZeneca sells Caprelsa rights to Sanofi unit,['sells Caprelsa rights to Sanofi unit'],Sanofi,0.233,['Corporate/Sales/Deal']
212,UPDATE 5-Barclays Chairman McFarlane axes CEO to speed up strategic change,['to speed up strategic change'],Barclays,-0.229,['Corporate/Strategy']
213,Miners Meltdown as BHP to Rio Tinto Sink in Commodities Rout,['Rio Tinto Sink in Commodities Rout'],Rio Tinto,-0.665,['Stock/Price Action/Bearish/Bearish Behaviour']
214,"FTSE led lower by M&S, GlaxoSmithKline",['FTSE led lowe'],M&S,-0.448,['Market/Market/Market Trend']
215,GKN to buy Fokker Technologies for 706 mln euros,['to buy Fokker Technologies'],GKN,0.276,['Corporate/M&A/M&A']
216,Diageo Sells Ryder Cup Venue Gleneagles Hotel to Ennismore Group,['Sells Ryder Cup Venue Gleneagles Hotel to Ennismore Group'],Ennismore Group,0.198,['Corporate/Sales/Deal']
217,Diageo Sells Ryder Cup Venue Gleneagles Hotel to Ennismore Group,['Sells Ryder Cup Venue Gleneagles Hotel to Ennismore Group'],Gleneagles Hotel,0.237,['Corporate/Sales/Deal']
218,"UPDATE: CIB, Legal & General Sell Egyptian Life Joint Venture To AXA",['Legal & General Sell Egyptian Life Joint Venture To AXA'],CIB,0.148,['Corporate/Sales/Deal']
219,Chime Communications Set To Be Acquired By WPP And Providence,[' Set To Be Acquired By WPP And Providence'],WPP,0.202,['Corporate/M&A/M&A']
220,"CompaniesNew Aggreko CEO to reshape business, strip costs","['to reshape business, strip costs']",Aggreko,0.177,['Corporate/Strategy']
221,AstraZeneca to Pay Inovio Up to $700 Million for Cancer Drug,['to Pay Inovio Up to $700 Million for Cancer Drug'],Inovio,0.33,['Corporate/Sales/Deal']
222,Rio Tinto CEO says iron ore market at equilibrium,['iron ore market at equilibrium'],Rio Tinto,0,['Market/Market']
223,US sanctions put Gazprom-Shell alliance plans in jeopardy,['US sanctions put '],Shell,-0.314,['Economy/Trade/Sanctions']
224,Standard Chartered Not Raising Capital Yet As Dividend Cut,['Not Raising Capital Yet As Dividend Cut'],Standard Chartered,-0.158,['Corporate/Dividend Policy']
225,"UPDATE 1-BHP Billiton's credit ratings fragile in FY16, agencies warn","['credit ratings fragile in FY16, agencies warn']",BHP,-0.338,['Corporate/Risks']
226,CRH adds CR Laurence to acquisitions tally for $1.3bn,['adds CR Laurence to acquisitions tally for $1.3bn'],CRH,0.231,['Corporate/M&A/M&A']
227,Novartis buys remaining rights to GSK treatment in deal up to $1 billion,['buys remaining rights to GSK treatment in deal up to $1 billion'],Novartis,0.217,['Corporate/Sales/Deal']
228,"AstraZeneca bags another cancer drug deal, this time with Inovio",['bags another cancer drug deal'],Inovio,0.316,['Corporate/Sales/Deal']
229,REFILE-Aviva Investors to move 34 bln euros in assets from AXA fund arm,['Investors to move 34 bln euros in assets from AXA fund arm'],AXA,-0.398,['Market/Conditions/Mutual Fund flows']
230,"L&G still paying price for dividend cut during crisis, chief says",['still paying price for dividend cut'],L&G,-0.338,['Corporate/Dividend Policy']
231,Buffett's Company Reports 37 Percent Drop in 2Q Earnings,['Reports 37 Percent Drop in 2Q Earnings'],Berkshire Hathaway Inc.,-0.566,['Corporate/Company Communication']
232,Travis Perkins Hikes Dividend 20% As Profit And Revenue Rise,['Hikes Dividend 20% As Profit And Revenue Rise'],Travis Perkins,0.769,['Corporate/Dividend Policy']
233,"Tesco, Asda sales fall as march of the discounters continues: Kantar",['sales fall as march of the discounters'],Tesco,-0.398,['Corporate/Sales']
234,Shire proposes $30 bln all-share tie-up with Baxalta,['proposes $30 bln all-share tie-up with'],Shire,0.22,['Corporate/M&A/Proposed Merger']
235,Shire CEO steps up drive to get Baxalta board talking,['CEO steps up drive to get Baxalta board talking'],Shire,0.124,['Corporate/Strategy/Corporate Planning']
236,"Tesco, Asda sales fall as march of the discounters continues-Kantar",['Asda sales fall as march of the discounters continues'],Asda,-0.356,['Corporate/Sales/Demand Shortfall']
237,Verizon and AT&T accused of hurting rivals,['accused of hurting rivals'],Verizon,-0.446,['Corporate/Regulatory']
238,"FTSE 100 falls as China devaluation hits Burberry, mining stocks",['FTSE 100 falls as'],Burberry,-0.479,['Market/Volatility']
239,"Nine banks including Barclays, Citi, agree to pay $2 billion to settle forex ...",['agree to pay $2 billion to settle forex .'],Citi,-0.647,['Corporate/Legal/Settlement']
240,CompaniesCar insurer Hastings Group driving Â£180m IPO,['driving Â£180m IPO'],Hastings Group,0.302,['Stock/IPO']
241,Glencore slumps 25 pct as debt fears grow,['debt fears grow'],Glencore,-0.718,['Corporate/Risks']
242,Horizonte acquires neighbouring Glencore nickel property in Brazil,['e acquires neighbouring Glencore nickel property'],Horizonte,0.182,['Corporate/M&A/M&A']
243,UPDATE 1-Engineering firm Smiths Group confirms CEO appointment,['confirms CEO appointment'],Morrissons,0.078,['Corporate/Appointment']
244,Industry NewsMorrisons unveils which stores will close as 900 jobs face the axe,['unveils which stores will close as 900 jobs face the axe'],Morrissons,-0.731,['Corporate/Company Communication']
245,Glencore slumps 30 percent as debt fears grow,['debt fears grow'],Glencore,-0.781,['Corporate/Risks']
246,Aberdeen Asset Management Gains Foothold In China,['Gains Foothold In China'],Aberdeen Asset Managment,0.357,['Corporate/Strategy']
247,ARM Holdings plc Partners With International Business Machines Corp. To Drive ...,['Partners With International Business Machines Corp. To Drive'],ARM Holdings,0.273,['Corporate/Strategy']
248,ARM Holdings plc Partners With International Business Machines Corp. To Drive ...,['Partners With International Business Machines Corp'],IBM,0.345,['Corporate/Strategy']
249,"FTSE 100 drops 2.5 pct on Glencore, metals price fears",['FTSE 100 drops 2.5 pct'],Glencore,-0.597,['Stock/Price Action']
250,"After Barclays and Bank of America, Citigroup has blockchain in sight",['Citigroup has blockchain in sight'],Barclays,0.198,['Corporate/Strategy/Investment']
251,"After Barclays and Bank of America, Citigroup has blockchain in sight",['Citigroup has blockchain in sight'],Citigroup,0.224,['Corporate/Strategy/Investment']
252,AB InBev approaches SABMiller to explore $250bn tie-up,['approaches SABMiller to explore $250bn tie-up'],SAB Miller,0.237,['Corporate/M&A/Proposed Merger']
253,EU regulator backs approval for GSK injectable asthma drug,['regulator backs approval for GSK'],GSK,0.379,['Corporate/Regulatory']
254,Glencore fight back over debt fears lifts shares,['over debt fears'],Glencore,0.278,['Corporate/Risks']
255,"News FeedFTSE 100 movers: Ashtead jumps on strong interims; Glencore, BP in ...",['Ashtead jumps on strong interims'],Ashtead,0.461,['Stock/Fundamentals']
256,Brewer AB InBev seeks $275 bln tie-up with SABMiller,['seeks $275 bln tie-up with SABMiller'],SABMiller,0.295,['Corporate/M&A/Proposed Merger']
257,AB InBev looks to win over SABMiller investors,['looks to win over SABMiller investors'],SABMiller,0.276,['Corporate/M&A/Proposed Merger']
258,UPDATE 1-EU regulator backs approval for GSK injectable asthma drug,['EU regulator backs approval for GSK'],GSK,0.418,['Corporate/Regulatory']
259,Copper market may get a 2003-style supply shock from Glencore closures,['Copper market'],Glencore,-0.571,['Market/Market']
260,TalkTalk hires BAE Systems to investigate cyber attack,['TalkTalk hires BAE Systems'],TalkTalk,-0.113,['Corporate/Appointment/Staff Hiring']
261,Renewed AB InBev Bid for SABMiller Ups Stake in Beer Battle,['AB InBev Bid for SABMiller Ups Stake'],SAB Miller,0.236,['Corporate/M&A/M&A']
262,CompaniesAB InBev signals it won't go hostile for SABMiller,['signals it won't go hostile'],SAB Miller,0.107,['Corporate/Rumors/Scoop']
263,AstraZeneca diabetes drug combination faces delay after FDA rebuff,['faces delay after FDA rebuf'],AstraZeneca,-0.391,['Corporate/Risks']
264,Mylan Appoints Ranjan Ray Chaudhuri as Global Commercial Lead for Mylan's Over ...,['Appoints Ranjan Ray Chaudhuri as Global Commercial Lead'],Mylan,0,['Corporate/Appointment']
265,SABMiller revenue hit by weaker EM currencies,['hit by weaker EM currencies'],SAB Miller,-0.439,['Market/Currency']
266,UPDATE 5-SABMiller rejects AB InBev's $104 bln takeover approach,['rejects AB InBev's $104 bln takeover approach'],SAB Miller,0.172,['Corporate/M&A/Proposed Merger']
267,Market Report: Eight-day rally ends for FTSE 100 and Standard Chartered,['Market Report: Eight-day rally ends for FTSE 100'],Standard Chartered,0.008,['Market/Market']
268,AB InBev offers SABMiller $3 billion breakup fee,['offers SABMiller $3 billion breakup fee'],SAB Miller,0.197,['Corporate/M&A/M&A']
269,GSK joins China trade push as UK trumpets healthcare deals,['joins China trade push'],GSK,0.294,['Economy/Trade']
270,AB InBev ups offer for SABMiller as deadline looms,['ups offer for SABMiller'],SAB Miller,0.257,['Corporate/M&A/Proposed Merger']
271,Tesco PLC's Recovery Continues With A Â£250m Cash Infusion,['Tesco PLC's Recovery Continues'],Tesco,0.337,['Stock/Fundamentals']
272,"METALS-Zinc surges 12 pct after Glencore cuts output, fuelling metals rally",['METALS-Zinc surges 12 pct after'],Glencore,0.162,['Market/Volatility']
273,CompaniesUnilever sales lifted by ice cream in soft economy,['sales lifted by ice cream in soft economy'],Unilever,0.383,['Corporate/Sales']
274,AB InBev's Latest Bid Said Unlikely to Win SABMiller's Approval,['Latest Bid Said Unlikely to Win SABMiller's Approval'],SABMiller,0.127,['Corporate/Rumors/Rumors']
275,Britain's FTSE forges ahead as Shire surges,['FTSE forges ahead as Shire surges'],Shire,0.512,['Stock/Price Action']
276,AB InBev attacks SABMiller bid rebuffal,['attacks SABMiller bid rebuffal'],SABMiller,-0.158,['Corporate/M&A/M&A']
277,Anheuser-Busch InBev Increases Offer for Rival SABMiller,['InBev Increases Offer for Rival SABMiller'],SABMiller,0.24,['Corporate/M&A/Proposed Merger']
278,Why I'd Buy ARM Holdings plc And BHP Billiton plc Today,['Why I'd Buy ARM Holdings plc And BHP Billiton plc Today'],BHP Billiton,0.424,['Corporate/Reputation/Scoop']
279,Barclays PLC & Lloyds Banking Group PLC Are The 2 Banks I'd Buy Today,['Are The 2 Banks I'd Buy Today'],Lloyds,0.434,['Corporate/Reputation/Scoop']
280,EasyJet Dismisses Lufthansa Low-Cost Plan in Contest for Germany,['Dismisses Lufthansa Low-Cost Plan in Contest for Germany'],Lufthansa,-0.227,['Corporate/Risks/Price Competition']
281,"EXCLUSIVE-BP, China's CNPC to unveil oil alliance - sources",['China's CNPC to unveil oil alliance - sources'],CNPC,0.318,['Corporate/Rumors/Scoop']
282,SAB's Chairman Digs In With Board Divided on InBev Offer,['Digs In With Board Divided on InBev Offer'],SABMiller,0.016,['Corporate/Reputation/Dispute']
283,Kinder Morgan and BP Form Joint Venture Limited Liability Company to Purchase ...,['form Joint Venture Limited Liability Company to Purchase ..'],Kinder Morgan,0.225,['Corporate/M&A/Joint Venture']
284,Supreme Court Upholds $236 Million Jury Award Against ExxonMobil,['$236 Million Jury Award Agains'],ExxonMobil,-0.459,['Corporate/Legal']
285,Standard Chartered's Shares Plunge 7% After Fitch Downgrade,['Shares Plunge 7%'],Standard Chartered,-0.812,['Stock/Coverage']
286,WPP wins race for 'programmatic buying' agency Essence Digital,['wins race for 'programmatic buying' agency Essence Digital'],WPP,0.238,['Corporate/M&A/M&A']
287,BHP Billiton share price: Brazil to sue Samarco for Â£3.5bn,['Brazil to sue Samarco for Â£3.5bn'],Samarco,-0.637,['Corporate/Legal/Lawsuit']
288,G4S slides on balance sheet worries,['slides on balance sheet worries'],G4S,-0.593,['Corporate/Risks']
289,FDA approves AstraZeneca drug for advanced lung cancer,['FDA approves AstraZeneca'],AstraZeneca,0.507,['Corporate/Regulatory']
290,HSBC appoints business leaders to board,['appoints business leaders to board'],HSBC,0.154,['Corporate/Appointment']
291,"HSBC shakes up board with two new business chiefs, three departures","['shakes up board with two new business chiefs, three departures']",HSBC,-0.074,['Corporate/Appointment']
292,AstraZeneca wins FDA approval for key new lung cancer pill,['FDA approval for key new lung cancer pill'],AstraZeneca,0.549,['Corporate/Regulatory']
293,UPDATE 1-Lloyds to cut 945 jobs as part of 3-year restructuring plan,['cut 945 jobs as part of 3-year restructuring plan'],Lloyds,-0.266,['Corporate/Strategy']
294,Standard Chartered Shifts Emerging-Markets Strategy After Losses,['Shifts Emerging-Markets Strategy'],Standard Chartered,-0.461,['Corporate/Strategy']
295,AstraZeneca's Lung Cancer Drug Tagrisso Gets FDA Approval,['Tagrisso Gets FDA Approval'],AstraZeneca,0.393,['Corporate/Appointment']
296,Severn Trent share price rises as first half profit inches up as customer ...,['share price rises as first half profi'],Severn Trent,0.526,['Stock/Price Action']
297,Glencore sees Tripoli-based NOC as sole legal seller of Libyan oil,['as sole legal seller of Libyan oil'],Glencore,0.037,['Corporate/Legal']
298,Lloyds to cut 945 jobs as part of three-year restructuring strategy,['as part of three-year restructuring strategy'],Lloyds,-0.532,['Corporate/Strategy/Reorganization']
299,AstraZeneca to Buy ZS Pharma for $2.7 Billion,['to Buy ZS Pharma for $2.7 Billion'],ZS Pharma,0.593,['Corporate/M&A/M&A']
300,"Ackman, in email, says supports Valeant CEO Pearson","['in email, says supports']",Valeant,0.166,['Corporate/Company Communication']
301,AstraZeneca sells US drug rights to Perrigo for $380 mln,['sells US drug rights to Perrigo for $380 mln'],Perrigo,0.326,['Corporate/M&A/M&A']
302,"UPDATE 1-AstraZeneca buys ZS Pharma for $2.7 billion, pips Actelion","['AstraZeneca buys ZS Pharma for $2.7 billion, pips Actelion']",ZS Pharma,0.468,['Corporate/M&A/M&A']
303,CORRECTED-Shire to buy Dyax for about $5.9 bln,['Shire to buy Dyax for about $5.9 bln'],Shire,0.402,['Corporate/M&A/M&A']
304,Barclays poised to replace Sir Mike Rake as he heads for exit,['poised to replace Sir Mike Rake as he heads for exit'],Barclays,0.077,['Corporate/Appointment']
305,AstraZeneca Acquires ZS Pharma in $2.7 Billion Deal,['AstraZeneca Acquires ZS Pharma in $2.7 Billion Deal'],ZS Pharma,0.52,['Corporate/M&A/M&A']
306,AstraZeneca shares climb 3% as drug maker ups profits forecasts,['shares climb 3% as drug maker ups profits forecasts'],AstraZeneca,0.64,"['Stock/Price Action/Bullish', 'Corporate/Financial/Financial Results/Earnings']"
307,Peroni and Grolsch put up for sale as AB InBev plans acquisition of SABMiller,['Peroni and Grolsch put up for sale as '],SABMiller,0.551,['Corporate/Sales/Sales']
308,easyJet expects resilient demand to withstand security fears,['expects resilient demand to withstand security fears'],easyJet,0.165,['Corporate/Risks']
309,Compass Group says positive for year ahead,['says positive for year ahead'],Compass Group,0.634,['Stock/Price Action/Future Price/Direction']
310,US dollar wipes out sales gains for SABMiller,['wipes out sales gains for SABMiller'],SABMiller,-0.582,['Corporate/Sales/Sales']
311,"UPDATE 1-SABMiller 2nd-quarter underlying sales rise, forex impacts margins",[' underlying sales rise'],SABMiller,0.043,['Corporate/Sales/Sales']
312,UPDATE 2-Pricey beers lift SABMiller's quarterly underlying sales,['lift SABMiller's quarterly underlying sales'],SABMiller,0.429,['Corporate/Sales/Sales']
313,Valeant CEO Pledges to Heed Critics After `Painful' Experience,['Heed Critics After `Painful' Experience'],Valeant,-0.381,['Corporate/Company Communication']
314,"Are Aviva plc, Direct Line Insurance Group PLC And Admiral Group plc Set To Soar?",['No real aspect?'],Aviva,0.324,['Corporate/Company Communication']
315,"Are Aviva plc, Direct Line Insurance Group PLC And Admiral Group plc Set To Soar?",['No real aspect?'],Direct Line Insurance Group PLC,0.345,['Corporate/Company Communication']
316,StanChart and RBS struggle in Bank of England stress tests,['RBS struggle in Bank of England stress tests'],RBS,-0.738,['Economy/Central Banks']
317,StanChart and RBS struggle in Bank of England stress tests,['struggle in Bank of England stress tests'],Standard Chartered,-0.39,['Corporate/Regulatory']
318,Barclays sells benchmark indices unit to Bloomberg,['sells benchmark indices unit'],Bloomberg,0.281,['Corporate/Strategy/Divestment']
319,"Sainsbury's, Asda, Tesco and Morrisons will all cut petrol prices as oil falls ...",['will all cut petrol prices as oil falls ...'],Morrisons,-0.251,['Stock/Price Action/Future Price']
320,"Sainsbury's, Asda, Tesco and Morrisons will all cut petrol prices as oil falls ...",['will all cut petrol prices as oil falls ...'],Sainsbury,-0.259,['Corporate/Financial/Bankruptcy/Entering bankruptcy']
321,"Sainsbury's, Asda, Tesco and Morrisons will all cut petrol prices as oil falls ...",['will all cut petrol prices as oil falls ...'],Tesco,-0.222,['Stock/Price Action/Future Price']
322,"EU drops Shell, BP, Statoil from ethanol benchmark investigation",['benchmark investigation'],Shell,0.276,['Stock/Insider Activity/Insider Trading']
323,"EU drops Shell, BP, Statoil from ethanol benchmark investigation",['benchmark investigation'],Statoil,0.294,['Stock/Insider Activity/Insider Trading']
324,AstraZeneca Explores Potential Deal With Acerta for Cancer Drug,['Explores Potential Deal '],AstraZeneca,0.372,['Corporate/M&A/Joint Venture']
325,Shell and BG Shareholders to Vote on Deal at End of January,['Shareholders to Vote on Deal at End of January'],Shell,0,['Corporate/Sales/Deal']
326,AstraZeneca chases Acerta to secure next cancer drug winner,['chases Acerta to secure next cancer drug winner'],AstraZeneca,0.519,['Stock/Buyside/Stock Buyside']
327,CompaniesTesco off to a bad start over Xmas â€“ Kantar,['off to a bad start over Xmas'],Tesco,-0.604,['Stock/Price Action']
328,"DBS, Julius Baer emerge as potential bidders for Barclays Asia wealth unit ...",['emerge as potential bidders for'],Julius Baer,0.31,['Stock/Buyside/Stock Buyside']
329,Why AstraZeneca plc & Dixons Carphone PLC Are Red-Hot Growth Stars!,['Are Red-Hot Growth Stars'],Dixons Carphone,0.766,['Corporate/Dividend Policy/Dividend/Dividend going up']
330,BBCN Bancorp to buy Wilshire Bancorp in $1 bln deal,['to buy Wilshire Bancorp in $1 bln deal'],Wilshire Bancorp,0.818,['Corporate/M&A']
331,ITV share price jumps on report of Comcast's NBCUniversal bidding to takeover ...,['price jumps on report of Comcast's NBCUniversal'],Comcast,0.623,['Stock/Price Action']
332,ITV share price jumps on report of Comcast's NBCUniversal bidding to takeover ...,['share price jumps on report of'],ITV,0.611,['Stock/Price Action/Current Price/Stock Price']
333,Glencore Studies Possible IPO for Agricultural Trading Business,['Possible IPO for Agricultural Trading Business'],Glencore,0.408,['Stock/IPO']
334,Can Christmas Save Sainsbury's plc And Tesco plc?,['Can Christmas Save..... ?'],Tesco,-0.175,['Corporate/Rumors/Rumors']
335,UPDATE 1-AstraZeneca boosts respiratory unit with $575 mln Takeda deal,[' boosts respiratory unit with $575 mln Takeda deal'],Takeda,0.47,['Corporate/M&A/']
336,Bilfinger Industrial Services win Â£100m BP contract extension,['win Â£100m BP contract extension'],BP,0.113,['Corporate/Sales/Deal']
337,"Standard Chartered, RBS Escape Capital Raising in Stress Test",['Escape Capital Raising in Stress Test'],RBS,0.335,['Economy/Central Banks']
338,"Standard Chartered, RBS Escape Capital Raising in Stress Test",['Escape Capital Raising in Stress Test'],Standard Chartered,0.321,['Corporate/Regulatory']
339,AstraZeneca weighing up Acerta bid to secure blood cancer drug,['weighing up Acerta bid to'],AstraZeneca,0.284,['Stock/Buyside/Stock Buyside']
340,2 Turnaround Buys For 2016? BHP Billiton plc And Home Retail Group Plc,['2 Turnaround Buys'],Home Retail Group,0.492,['Economy/Central Banks/Monetary Policy/Monetary Policy - SNB']
341,L&G completes UK's largest medically underwritten bulk pension risk deal,['completes UK's largest medically underwritten bulk pension risk dea'],L&G,0.25,['Corporate/Risks']
342,Drugmaker Shire to buy Baxalta for $32 billion after 6-month pursuit,['to buy Baxalta for $32 billion after 6-month pursuit'],Shire,0.437,['Corporate/M&A/M&A']
343,Kingfisher share price slides on cost to implement new strategy,['share price slides on cost to'],Kingfisher,-0.786,['Stock/Price Action']
344,Shire says internal synergy goals from Baxalta deal higher,['says internal synergy goals from Baxalta deal higher'],Shire,0.287,['Corporate/Company Communication/Dividend']
345,"European shares plunge, roiled by BHP and oil; hopes turn to ECB","['shares plunge,']",BHP,-0.736,['Economy/Central Banks/?']
346,Morrisons and Debenhams surprise City with Christmas bounce back,['with Christmas bounce back'],Debenhams,0.573,['Stock/Price Action/Volatility']
347,Morrisons and Debenhams surprise City with Christmas bounce back,['surprise City with Christmas bounce back'],Morrisons,0.619,['Stock/Price Action/Volatility']
348,"Britain's FTSE falls back with Ashtead, commodities under pressure","['FTSE falls back with Ashtead,']",Ashtead,-0.59,['Market/Volatility']
349,Tesco shares jump 6% after Christmas sales beat expectations,['jump 6% after Christmas sales beat expectations'],Tesco,0.814,['Corporate/Sales']
350,"CEOs of BPM, UBI meet Italy econ minister as M&A talk heats up",['meet Italy econ minister as M&A talk heats up'],UBI,0.133,['Corporate/Risks/Extraordinary Meeting']
351,CompaniesHome Retail trims gains but is considered 'in play',['trims gains but is considered 'in play''],Home Retail,0.135,['Stock/Price Action']
352,Philippines' San Miguel says to partner with Kirin if it bids for SABMiller's ...,['says to partner with Kirin if'],SABMiller,0.577,['Corporate/Sales/Partnership']
353,Philippines' San Miguel says to partner with Kirin if it bids for SABMiller's ...,['says to partner with Kirin if'],San Miguel,0.19,['Corporate/Sales/Partnership']
354,Investors Remain Skeptical About Shell-BG Deal,['Investors Remain Skeptical About Shell-BG Deal'],Shell,-0.266,['Corporate/Rumors/Rumors']
355,MarketsShire up 2.5% and Baxalta up 6% on $32bn deal,['MarketsShire up 2.5% '],Shire,0.487,['Stock/Buyside/Stock Buyside']
356,Shire share price under pressure after $32bn Baxalta deal,['share price under pressure after $32bn Baxalta deal'],Baxalta,-0.198,['Stock/Price Action']
357,Shire share price under pressure after $33bn Baxalta deal,['share price under pressure after $32bn Baxalta deal'],Shire,-0.186,['Stock/Price Action/Volatility']
358,Valeant Names Interim Leader as CEO Remains Hospitalized,['Interim Leader as CEO Remains Hospitalized'],Valeant,0,['Corporate/Appointment']
359,Valeant Said to Name New CEO With Pearson Still Hospitalized,['Said to Name New CEO With Pearson Still Hospitalized'],Valeant,0.015,['Corporate/Appointment']
360,Shares in BAE Systems hit 10-month high on rating upgrade,['hit 10-month high on rating upgrade'],BAE,0.905,['Stock/Coverage']
361,Japan's Asahi to submit bid next week for SABMiller's Grolsch and Peroni - Yomiuri,['to submit bid next week'],SABMiller,0.236,['Stock/Buyside/Stock Buyside']
362,CompaniesDixons Carphone to close 134 UK stores as sales jump,['to close 134 UK stores as sales jump'],Dixons Carphone,0.144,['Corporate/Sales']
363,"Broker tips: RBS, Croda, Sage",['Broker tips:'],RBS,0.381,['Corporate/Rumors/Rumors']
364,"Broker tips: RBS, Croda, Sage",['Broker tips:'],Sage,0.393,['Corporate/Rumors/Rumors']
365,Shell share price: Standard Life announce position against BG acquisition,['Standard Life announce position against BG acquisition'],Shell,-0.134,['Corporate/M&A/M&A']
366,Shell share price: Standard Life announce position against BG acquisition,['Standard Life announce position against BG acquisition'],Standard Life,-0.099,['Corporate/M&A/M&A']
367,Tesco share price down as grocer faces SFO investigation outcome,['share price down'],Tesco,-0.542,['Stock/Price Action']
368,"Britain's FTSE outperforms Europe, Royal Mail and Tesco rise","['Britain's FTSE outperforms Europe, Royal Mail and Tesco rise']",Tesco,0.439,['Market/Volatility/Volatility']
369,Greene King's third quarter sales boosted by festive season,['third quarter sales boosted'],Greene King,0.363,['Corporate/Sales']
370,InterContinental Hotels Group share price climbs on $1.5bn special dividend,['$1.5bn special dividend'],InterContinental Hotels Group,0.631,['Corporate/Dividend Policy']
371,Amazon to attack UK grocery market with Morrisons deal,['to attack UK grocery market'],Morrisons,0.333,['Market/Market/Market Outlook']
372,AstraZeneca share price: Acerta deal pays off with orphan drug status,['share price: Acerta deal pays off'],AstraZeneca,0.495,['Corporate/M&A']
373,"BHP Billiton posts big loss, slashes dividend",['slashes dividend'],BHP Billiton,-0.938,['Corporate/Dividend Policy']
374,Merged LSE and Deutsche BÃ¶rse would be led by Germany's Kengeter,['Merged LSE and Deutsche BÃ¶rse'],LSE,0.136,['Corporate/M&A/M&A']
375,"Should You Buy Jumbo Yielders British American Tobacco plc, Centrica PLC & John Wood Group PLC?",['Should You Buy....?'],Centrica PLC,0.1,['Corporate/Rumors/Scoop']
376,"Should You Buy Jumbo Yielders British American Tobacco plc, Centrica PLC & John Wood Group PLC?",['Should You Buy....?'],John Wood Group PLC,0.103,['Corporate/Rumors/Scoop']
377,Is Trouble Brewing At Legal & General Group Plc And Aviva plc?,['Is Trouble Brewing At Legal & General Group Plc And Aviva plc?'],Legal & General Group Plc,-0.271,['Corporate/Rumors/Rumors']
378,BHP Billiton drags FTSE lower after slashing dividend,['after slashing dividend'],BHP Billiton,-0.604,['Corporate/Dividend Policy']
379,"BHP Billiton slashes dividend, posts $5.67 billion net loss",['slashes dividend'],BHP Billiton,-0.341,['Corporate/Dividend Policy']
380,CompaniesMeggitt profits hit by weak energy and military markets,['profits hit by weak energy and military markets'],Meggitt,-0.302,['Market/Market']
381,Royal Mail share price edges lower as group raises stamp price,['share price edges lower'],Royal Mail,-0.269,['Stock/Price Action']
382,GlaxoSmithKline starts hunt for successor to CEO Witty,['starts hunt for successor to CEO'],GlaxoSmithKline,0,['Corporate/Appointment/Executive Appointment']
383,"Rio Tinto swings to loss, drops dividend policy",['drops dividend policy'],Rio Tinto,-0.511,['Corporate/Dividend Policy']
384,France raises concerns over proposed LSE-Deutsche Boerse deal,[' raises concerns over proposed..'],LSE,-0.347,['Corporate/Risks/Sale Halt']
385,MarketsBP promotes upstream boss to deputy CEO,['promotes upstream boss to deputy CEO'],BP,0.066,['Corporate/Appointment']
386,Legal & General share price: Finance chief to step down,['Finance chief to step down'],Legal & General,-0.166,['Corporate/Appointment']
387,Barclays poaches new chief operating officer Paul Compton from JP Morgan Chase,['Barclays poaches new chief operating officer Paul Compton'],JP Morgan Chase,-0.092,['Corporate/Appointment/Executive Appointment']
388,Arm profits and sales up as shift away from mobile gains pace,['profits and sales up'],Arm,0.497,['Corporate/Sales']
389,Barclays appoints JPMorgan's Paul Compton as new COO,['appoints JPMorgan's Paul Compton as new COO'],Barclays,0.036,['Corporate/Appointment']
390,Barclays appoints JPMorgan's Paul Compton as new COO,['Barclays appoints JPMorgan's Paul Compton'],JPMorgan,-0.014,['Corporate/Appointment/Executive Appointment']
391,"FastJet slams EasyJet founder Stelios for going public, is 'taking legal advice' over letter about contractual ...",['is 'taking legal advice''],EasyJet,-0.238,['Corporate/Legal']
392,NYSE owner ICE considers offer for LSE,['considers offer for'],LSE,0.396,['Corporate/Rumors/Scoop']
393,News FeedFTSE 100 movers: LSE surges as ICE says mulling offer; Ashtead and Barclays tank,['LSE surges as ICE says mulling offer'],ICE,0.226,['Corporate/M&A']
394,News FeedFTSE 101 movers: LSE surges as ICE says mulling offer; Ashtead and Barclays tank,['LSE surges as ICE says mulling offer'],LSE,0.843,['Corporate/M&A']
395,Balfour Beatty plc Set To Reinstate Dividend (And Rival National Grid plc And Centrica PLC Once More?),['Set To Reinstate Dividend '],Balfour Beatty plc,0.413,['Corporate/Dividend Policy']
396,Balfour Beatty plc Set To Reinstate Dividend (And Rival National Grid plc And Centrica PLC Once More?),['Set To Reinstate Dividend '],Centrica PLC,0.403,['Corporate/Dividend Policy/Dividend']
397,Balfour Beatty plc Set To Reinstate Dividend (And Rival National Grid plc And Centrica PLC Once More?),['Set To Reinstate Dividend '],Rival National Grid plc,0.408,['Corporate/Dividend Policy/Dividend']
398,Intertek swings to Â£347 mln loss on oil's slump,['swings to Â£347 mln loss'],Intertek,-0.734,['Market/Volatility']
399,Sanofi poaches AstraZeneca scientist as new research head,['Sanofi poaches AstraZeneca scientist'],Sanofi,0.066,['Corporate/Appointment/Executive Appointment']
400,Tesco breaks its downward slide by cutting sales decline in half,['by cutting sales decline'],Tesco,0.172,['Corporate/Sales']
401,"News FeedSchroders books solid earnings growth, several board changes",['s books solid earnings growth'],Schroders,0.5,['Stock/Fundamentals']
402,Intertek Group announces strategic update outlining its plan,['strategic update outlining its plan'],Intertek Group,0.046,['Corporate/Strategy']
403,London Stock Exchange seals Â£22 billion merger with Germany's Deutsche BÃ¶rse,['seals Â£22 billion merger with'],London Stock Exchange,0.327,['Corporate/M&A/M&A']
404,NYSE owner ICE may gatecrash Deutsche Boerse-LSE merger,['owner ICE may gatecrash Deutsche Boerse-LSE merger'],LSE,-0.2,['Corporate/M&A/Proposed Merger']
405,AB InBev to Sell SABMiller Stake in China's Snow Beer,['to Sell SABMiller Stake in'],SABMiller,-0.045,['Stock/Signal/Sell Signal']
406,LSE-Deutsche Boerse merger would signal end to exchange mega-deals,['merger would signal end to'],LSE,0.105,['Corporate/M&A/M&A']
407,RBS Pays $1.7 Billion to Scrap U.K. Treasury's Dividend Rights,['to Scrap U.K. Treasury's Dividend Rights'],RBS,0.066,['Corporate/Dividend Policy']
408,Industry NewsWolseley confident in reslilience amid mixed markets,['confident in reslilience amid mixed markets'],Wolseley,0.287,['Market/Market']
409,Tesco criticised for 'disgraceful' advert showing domestic worker being slapped,['criticised for 'disgraceful' advert showing domestic worker being slapped'],Tesco,-0.498,['Corporate/Reputation']
410,FTSE edges up as investors cheer Kingfisher results,['as investors cheer Kingfisher results'],Kingfisher,0.678,['Stock/Price Action']
411,Barclays Bonds Rise as Lender Cuts Dividends to Shore Up Capital,['Lender Cuts Dividends to Shore Up Capita'],Barclays,0.261,['Corporate/Dividend Policy']
412,Britain's FTSE gets lift from Prudential results,['gets lift from Prudential results'],Prudential,0.582,['Corporate/Financial']
413,Amazon's grocery deal with Morrisons is only the beginning,['grocery deal with Morrisons '],Morrisons,0.389,['Corporate/Sales/Deal']
414,ICE Said to Start Lining Up Financing for LSE Bidding War,['Said to Start Lining Up Financing for'],LSE,0.328,['Corporate/Rumors/Rumors']
415,"BP, Statoil, to Withdraw Staff From Algeria Following Rocket Attack",['to Withdraw Staff From'],Statoil,-0.242,['Corporate/Appointment/Staff Hiring']
416,Merkel's Government Said to Support Deutsche Boerse-LSE Merger,['Support Deutsche Boerse-LSE Merger'],LSE,0.358,['Corporate/M&A/Proposed Merger']
417,Aviva weighs cash handout after beating profit forecast,['weighs cash handou'],Aviva,0.377,['Corporate/Dividend Policy']
418,"WPP, World's Largest Ad Agency, Reports Strong 2015 Growth",['Reports Strong 2015 Growth'],WPP,0.555,['Stock/Fundamentals']
419,"Saudi Aramco, Shell plan to break up Motiva, divide up assets","['Shell plan to break up Motiva, divide up assets']",Saudi Aramco,-0.142,['Corporate/Strategy/Reorganization']
420,"Saudi Aramco, Shell plan to break up Motiva, divide up assets","['plan to break up Motiva, divide up assets']",Shell,-0.102,['Corporate/Strategy/Reorganization']
421,AB InBev to sell more SAB assets as seeks EU deal approval,['to sell more SAB assets as seeks'],SAB,-0.079,['Corporate/M&A/M&A']
422,Tesco's Sales Pickup Isn't Enough,['Sales Pickup Isn't Enough'],Tesco,-0.23,['Corporate/Sales']
423,Spain's CaixaBank Expects To Close Deal For Banco BPI,['Expects To Close Deal For'],CaixaBank,0.375,['Corporate/Sales/Deal']
424,ITV share price: Group mulls takeover of Canada's Entertainment One,['Group mulls takeover of Canada's Entertainment One'],ITV,0.422,['Corporate/M&A/M&A']
425,Entertainment One dispels ITV takeover rumours,['One dispels ITV takeover rumours'],Entertainment One,0.138,['Corporate/Rumors']
426,Entertainment One dispels ITV takeover rumours,['dispels ITV takeover rumours'],ITV,0.003,['Corporate/Rumors']
427,GE to Sell Majority Stake in Bank BPH's Core Bank to Alior Bank,['to Sell Majority Stake in Bank BPH's Core Bank'],Bank BPH,0.213,['Stock/Price Action/Volatility/Sell-Off']
428,GE to Sell Majority Stake in Bank BPH's Core Bank to Alior Bank,['to Sell Majority Stake in Bank BPH's Core Bank'],GE,0.211,['Stock/Price Action/Volatility/Sell-Off']
429,Tata Steel working with StanChart for UK unit sale - source,['with StanChart for UK unit sale - source'],StanChart,0.218,['Stock/IPO']
430,Tata Steel working with StanChart for UK unit sale - source,['working with StanChart for UK unit sale'],Tata Steel,0.143,['Corporate/Sales/Deal']
431,Crown Castle buys Tower Development Corp for $461 million,['Crown Castle buys Tower Development Corp'],Tower Development,0.366,['Corporate/M&A/M&A']
432,Tesco sells half of stake in ecommerce site Lazada to Alibaba for Â£90m,['sells half of stake in ecommerce site Lazada to Alibaba for Â£90m'],Lazada,-0.038,['Stock/Price Action/Volatility/Sell-Off']
433,Tesco sells half of stake in ecommerce site Lazada to Alibaba for Â£91m,['sells half of stake in ecommerce site Lazada to Alibaba for Â£90m'],Tesco,0.365,['Stock/Price Action/Volatility/Sell-Off']
434,"CaixaBank, dos Santos Agree on Plan for BPI Angola Exposure",['Agree on Plan for BPI Angola Exposure'],CaixaBank,0.244,['Corporate/Strategy/Company Agreement']
435,"BPI Says Caixabank, Isabel dos Santos Reach Agreement Over Angola Exposure",['Isabel dos Santos Reach Agreement Over Angola Exposure'],CaixaBank,0.243,['Corporate/Strategy/Company Agreement']
436,Spain's Caixabank launches new takeover bid for Banco BPI,['launches new takeover bid for Banco BPI'],Caixabank,0.185,['Corporate/M&A/M&A']
437,"Despite sales growth, UK's Tesco cautions recovery to be bumpy","['Despite sales growth,']",Tesco,-0.077,['Corporate/Sales']
438,ITV to pursue takeover of Canada's Entertainment One: Bloomberg,['to pursue takeover of Canada's Entertainment One'],ITV,0.199,['Corporate/M&A/M&A']
439,Shire Sees Baxalta Deal Closing as Expected After New Rules,['Sees Baxalta Deal Closing as Expected'],Shire,0.224,['Corporate/Sales/Deal']
440,"OCBC to Buy Barclay's Wealth Management Unit in Singapore, Hong Kong",['to Buy Barclay's Wealth Management Unit'],OCBC,0.257,['Corporate/M&A/M&A']
441,Tesco share price steady as analysts weigh in on results,['share price steady'],Tesco,0.052,['Stock/Price Action']
442,Lloyds Banking Group's share price lifts amid reports bank is poised to axe hundreds of UK jobs,['share price lifts'],Lloyds,0.292,['Stock/Price Action']
443,Should You Follow Berkshire Hathaway Into Apple Stock?,['Should You Follow Berkshire Hathaway Into Apple Stock?'],Berkshire Hathaway,0,['Corporate/Rumors/Scoop']
444,Morrisons book second consecutive quarter of sales growth,['second consecutive quarter of sales growth'],Morrisons,0.43,['Corporate/Sales']
445,Royal Mail gets mixed bag from Ofcom postal regulation report,['postal regulation report'],Royal Mail,-0.084,['Corporate/Regulatory']
446,UPDATE 3-Ex-Barclays director accused by US of illegal tips to plumber,['of illegal tips to plumber'],Barclays,-0.34,['Stock/Insider Activity']
447,"EU regulators clear $100 billion-plus AB InBev, SABMiller deal","['AB InBev, SABMiller deal']",SABMiller,0.392,['Corporate/Sales/Deal']
448,Retail giant Kingfisher reports 'solid' start to the year,['reports 'solid' start to the year'],Kingfisher,0.368,['Corporate/Company Communication']
449,"Berkshire discloses unit's ties to Iran, opens probe","['discloses unit's ties to Iran, opens probe']",Berkshire,-0.288,['Corporate/Company Communication']
450,Berkshire Hathaway names Kara Raiguel to lead General Re unit,['names Kara Raiguel to lead General Re unit'],Berkshire,0.077,['Corporate/Appointment']
451,"European stocks hover near 3-week low, Dialog and BHP slump",['stocks hover near 3-week low'],Dialog,-0.584,['Stock/Price Action/Volume/Unusual Low Volume']
452,Hargreaves Lansdown bucks weak markets to see assets rise 2.6 percent,['bucks weak markets'],Hargreaves Lansdown,0.571,['Market/Market']
453,Australia clears AB Inbev's $100 billion SABMiller buyout plan,['SABMiller buyout plan'],AB InBrev,0.437,['Corporate/Strategy/Buyout']
454,Goodwin not to face Scottish prosecution over RBS,['not to face Scottish prosecution over RBS'],RBS,0.114,['Corporate/Legal']
455,Royal Mail turnaround proving expensive in tough UK market,['in tough UK market'],Royal Mail,-0.057,['Market/Market']
456,Whitbread buys 49% stake in Pure food chain,['buys 49% stake in Pure food chain'],Whitbread,0.365,['Corporate/M&A/M&A']
457,"Irish Said Chasing Standard Chartered, RBS as Brexit Vote Nears",['Chasing Standard Chartered'],Standard Chartered,0.128,['Corporate/Strategy/Corporate Planning']
458,Royal Mail share price rallies amid positive broker comments,['share price rallies'],Royal Mail,0.59,['Stock/Price Action']
459,InterContinental Hotels first-quarter global room revenue lags estimates,['first-quarter global room revenue'],InterContinental,-0.329,['Corporate/Sales']
460,Aspen to Buy Anaesthetics From AstraZeneca for $520 Million,['to Buy Anaesthetics From AstraZeneca for $520 Million'],AstraZeneca,0.395,['Corporate/M&A/M&A']
461,London Stock Exchange â€“ Deutsche Boerse merger under threat from Brexit,['Deutsche Boerse merger under threat'],London Stock Exchange,-0.421,['Corporate/M&A/M&A']
462,Sainsbury CFO Rogers to Replace Home Retail CEO Walden,['to Replace Home Retail CEO Walden'],Home Retail,0,['Corporate/Appointment']
463,Sainsbury CFO Rogers to Replace Home Retail CEO Walden,['CFO Rogers to Replace Home Retail CEO'],Sainsbury,0,['Corporate/Appointment/Executive Reshuffle']
464,BP joins forces with Det Norske in Norway,['BP joins forces with Det Norske in Norway'],Det Norske,0.248,['Corporate/Strategy/Company Agreement']
465,BRIEF-Legal & General's retirement business books 4 billion stg H1 sales,['books 4 billion stg H1 sales'],Legal & General,0.252,['Corporate/Sales']
466,Johnson Matthey revs up on clean air drive,['revs up on clean air drive'],Johnson Matthey,0.224,['Corporate/Strategy']
467,"Goldman Sachs, Barclays, HSBC downplay Brexit threat",['downplay Brexit threat'],Barclays,0,['Corporate/Risks']
468,"Goldman Sachs, Barclays, HSBC downplay Brexit threat","['Goldman Sachs, Barclays, HSBC downplay Brexit threat']",Goldman Sachs,-0.147,['Corporate/Risks']
469,"Goldman Sachs, Barclays, HSBC downplay Brexit threat","['Goldman Sachs, Barclays, HSBC downplay Brexit threat']",HSBC,-0.14,['Corporate/Risks']
470,Asahi could be about to snap up more of SABMiller's beers ahead of AB InBev sale,['Asahi could be about to snap up more of SABMiller's beers ahead of AB InBev sale'],Asahi,0.207,['Corporate/Strategy/Investment']
471,Asahi could be about to snap up more of SABMiller's beers ahead of AB InBev sale,['Asahi could be about to snap up more of SABMiller's beers ahead of AB InBev sale'],SABMiller,0.329,['Corporate/Strategy/Investment']
472,LSE-Deutsche BÃ¶rse dealmakers wrong to ignore Brexit risk,['wrong to ignore Brexit ris'],Deutsche BÃ¶rse,-0.473,['Corporate/Risks']
473,LSE-Deutsche BÃ¶rse dealmakers wrong to ignore Brexit risk,['dealmakers wrong to ignore Brexit risk'],LSE,-0.415,['Corporate/Risks']
474,Tesco sales recover as focus returns to core business,['sales recover'],Tesco,0.35,['Corporate/Sales']
475,Johnson Matthey profit falls but dividend rises,['but dividend rises'],Johnson Matthey,0,['Corporate/Dividend Policy']
476,"Are ARM Holdings plc, Domino's Pizza Group plc and ASOS plc 3 must-have growth stocks?",['3 must-have growth stocks?'],ASOS plc,0,['Corporate/Rumors/Scoop']
477,"Are ARM Holdings plc, Domino's Pizza Group plc and ASOS plc 4 must-have growth stocks?",['3 must-have growth stocks?'],Domino's Pizza Group plc,0.063,['Corporate/Rumors/Scoop']
478,Priceline's stock jumps to new high for the year after Barclays upgrade,['stock jumps to new high'],Priceline,0.847,['Stock/Coverage']
479,"Tesco set to sell Kipa, Giraffe businesses - Sky News","['set to sell Kipa, Giraffe businesses']",Kipa,-0.192,['Stock/Signal/Sell Signal']
480,"Tesco set to sell Kipa, Giraffe businesses - Sky News","['set to sell Kipa, Giraffe businesses']",Tesco,0.23,['Stock/Signal/Sell Signal']
481,The Coca-Cola Company and Coca-Cola FEMSA to Acquire AdeS Soy-Based Beverage Business From Unilever,['to Acquire AdeS Soy-Based Beverage Business From Unilever'],Coca-Cola Companp,0.259,['Corporate/M&A/M&A']
482,The Coca-Cola Company and Coca-Cola FEMSA to Acquire AdeS Soy-Based Beverage Business From Unilever,['to Acquire AdeS Soy-Based Beverage Business From Unilever'],Coca-Cola FEMSA,0.293,['Corporate/M&A/M&A']
483,HSBC Says Unit to Book $585 Million Charge on Settlement,['$585 Million Charge on Settlement'],HSBC,-0.434,['Corporate/Legal']
484,"Hammerson, JV Partner secure ownership of Ireland's Dundrum - Quick Facts",['secure ownership of Ireland's Dundrum - Quick Facts'],JV Partner,0.427,['Corporate/M&A/M&A']
485,Aviva promises higher dividends to boost flagging share price,['higher dividends'],Aviva,0.281,['Corporate/Dividend Policy']
486,CompaniesFresnillo shares jump 8% as silver price breaks $21,['shares jump 8%'],Fresnillo,0.874,['Stock/Price Action']
487,"Should you buy Associated British Foods plc, Great Portland Estates plc and Dunelm Group plc following today's news?",['Should you buy…. following today's news?'],Dunelm Group plc,0.14,['Corporate/Rumors/Rumors']
488,"Should you buy Associated British Foods plc, Great Portland Estates plc and Dunelm Group plc following today's news?",['Should you buy…. following today's news?'],Great Portland Estates plc,0.165,['Corporate/Rumors/Rumors']
489,Berkshire seeks to boost its Wells Fargo stake above 10 percent,['seeks to boost its Wells Fargo stake above 10 percen'],Wells Fargo,0.429,['Stock/Signal/Buy Signal']
490,Tesco share price tumbles after negative broker note,['share price tumbles a'],Tesco,-0.779,['Stock/Price Action']
491,London Stock Exchange Shareholders Approve Merger With Deutsche BÃ¶rse,['Shareholders Approve Merger With'],London Stock Exchange,0.406,['Corporate/M&A/M&A']
492,UPDATE 1-Berkshire applies to boost Wells Fargo stake above 10 pct,['applies to boost Wells Fargo stake above 10 percen'],Wells Fargo,0.432,['Stock/Signal/Sell Signal']
493,Berkshire applies to boost Wells Fargo stake above 10 percent,['applies to boost Wells Fargo stake above 10 percen'],Wells Fargo,0.484,['Stock/Signal/Buy Signal']
494,"Aviva, M&G suspend property funds as investors panic",['M&G suspend property funds as investors panic'],M&G,-0.807,['Corporate/Risks']
495,"UK housing market steadies after Brexit dip, Persimmon says",['housing market'],Perssimon,0.339,['Market/Market']
496,BRIEF-Aviva aims to increase dividend pay-out ratio to 50 pct in 2017,['increase dividend pay-out'],Aviva,0.439,['Corporate/Dividend Policy']
497,Builder Persimmon hails 6% rise in house sales,['6% rise in house sales'],Persimmon,0.435,['Corporate/Sales']
498,EasyJet attracts more passengers in June but still lags Ryanair,['attracts more passengers'],Ryanair,0.259,['Corporate/Sales/Sales']
